timestamp,data-value
2026-08-31T00:10:56,3.926621913909912
2026-08-31T00:11:08,3.287140130996704
2026-08-31T00:11:11,3.067000389099121
2026-08-31T00:11:14,3.211766242980957
2026-08-31T00:11:17,3.245863914489746
2026-08-31T00:11:20,3.2506494522094727
2026-08-31T00:11:23,3.2620155811309814
2026-08-31T00:11:27,3.3230323791503906
2026-08-31T00:11:30,3.466003656387329
2026-08-31T00:11:33,5.096712112426758
2026-08-31T00:11:36,5.6153564453125
2026-08-31T00:11:39,-4.016951084136963
2026-08-31T00:11:42,11.745768547058105
2026-08-31T00:11:45,-6.807580471038818
2026-08-31T00:11:48,3.448655605316162
2026-08-31T00:11:51,0.5282155871391296
2026-08-31T00:11:54,3.714258909225464
