timestamp,x,y,z
2026-09-10T23:01:24.930,-2.3533411026000977,0.49351966381073,9.132207870483398
2026-09-10T23:01:25.822,-0.3355933725833893,0.6675975322723389,8.715258598327637
2026-09-10T23:01:26.846,-0.7495517134666443,3.342175006866455,7.997411251068115
2026-09-10T23:01:27.876,-3.961317777633667,4.6408796310424805,8.489734649658203
2026-09-10T23:01:28.922,0.5455635786056519,3.850649833679199,9.65085220336914
2026-09-10T23:01:29.939,1.098903775215149,3.4815568923950195,9.260822296142578
2026-09-10T23:01:30.964,-1.9710876941680908,2.7320053577423096,11.412567138671875
2026-09-10T23:01:31.995,2.159522533416748,1.911865234375,10.965707778930664
2026-09-10T23:01:32.916,1.454237937927246,2.857030153274536,8.645866394042969
2026-09-10T23:01:33.960,0.6520441770553589,3.4121651649475098,8.641678810119629
2026-09-10T23:01:34.960,0.9409775137901306,4.333401679992676,11.402996063232422
