filename,activity,activity_name,x_sd,y_sd,z_sd
1_20260910230135.csv,0,No activity,1.7788382339999766,1.2990721146259805,1.1677569586504748
2_20260910230146.csv,1,Waving,4.619340421932942,3.5727633832925085,6.951882303542295
3_20260910230157.csv,1,Waving,6.947651339410125,2.0147301241661224,4.2739247730487815
4_20260910230208.csv,1,Waving,5.1258397324977105,3.5618201867517567,6.235385574586646
5_20260910230219.csv,0,No activity,0.4287715825185332,3.457336897532059,5.245828779811175
6_20260910230243.csv,1,Waving,6.66197618742984,2.3423690217175612,6.869929987157142
7_20260910230254.csv,1,Waving,6.297219705782842,1.9947681261133159,5.254932426184735
8_20260910230305.csv,1,Waving,7.328059857614067,2.99493377589482,5.3947076845905375
9_20260910230320.csv,1,Waving,5.929216367250324,1.7990769065140886,5.607446420705841
10_20260910230331.csv,1,Waving,5.255322736344239,1.2411905879718341,4.307827010811112
11_20260910230342.csv,0,No activity,4.094949295183841,1.3728479983801707,3.137172852918391
12_20260910230353.csv,0,No activity,0.21593478246314568,0.4091608621815648,0.2906936808077567
13_20260910230404.csv,0,No activity,0.15042406994366367,0.060296598788706704,0.06101667574717174
14_20260910230415.csv,0,No activity,0.040962786639590715,0.0914219047934627,0.03700218199024367
15_20260910230426.csv,0,No activity,0.04585182248569066,0.022378565605728814,0.07716281642068865
16_20260910230438.csv,0,No activity,0.05349264489936307,0.03850798377664897,0.06066297671742385
17_20260910230449.csv,0,No activity,1.2891157066632113,0.5670230768412092,1.967201448215447
18_20260910230500.csv,0,No activity,0.004939520720734937,0.009194957555582969,0.004424237092645161
19_20260910230511.csv,2,Shaking,0.6862807344416954,4.163431781143679,5.463262695620678
20_20260910230522.csv,2,Shaking,0.6605348490127564,4.127525919038351,6.075719765119204
21_20260910230533.csv,2,Shaking,1.1144472514327022,4.511366200771937,5.671664512443303
22_20260910230544.csv,2,Shaking,0.6917454742401821,5.059846871183625,6.4954117952335615
23_20260910230555.csv,2,Shaking,0.5596105822613282,4.251135643449809,5.584760024959524
24_20260910230606.csv,2,Shaking,0.8599990211530673,3.6804705329009844,4.624169403373927
25_20260910230617.csv,2,Shaking,0.6485481650112345,4.171247589433598,5.73065417601871
26_20260910230628.csv,2,Shaking,0.7828513760808876,4.391066420470932,5.808260186819787
27_20260910230639.csv,2,Shaking,0.8238341422984894,4.140254378864867,6.099606541399691
28_20260910230650.csv,2,Shaking,0.8083350321530487,4.218717273007001,6.6706045278365975
29_20260910230701.csv,2,Shaking,0.7308955187848406,5.040793813107786,6.544613231841763
30_20260910230712.csv,2,Shaking,0.6443107072311203,4.260622119080744,6.038080850769907
31_20260910230723.csv,1,Waving,5.649349227474265,3.6005733088347394,5.63182169932382
32_20260910230735.csv,1,Waving,7.585974720609851,1.183207200470584,2.2644018397309518
33_20260910230746.csv,1,Waving,6.65506533471415,0.5991704060977739,2.9813443261262567
34_20260910230757.csv,1,Waving,6.960534599553585,1.096000197400928,4.172333634297121
35_20260910230808.csv,1,Waving,6.407691516911164,0.9543156637256699,2.4225057574372046
36_20260910230819.csv,1,Waving,6.57910837002628,1.0404364173585967,3.0407398976863016
37_20260910230830.csv,1,Waving,7.625829999711715,0.9363633408898173,3.274931611822758
38_20260910230841.csv,1,Waving,7.23937743057802,0.9646180012990537,2.3343068968105958
39_20260910230852.csv,1,Waving,6.5700201727707555,1.0253459436508077,3.387938112666976
40_20260910230903.csv,1,Waving,7.59662260331184,1.0216112409343763,3.0465943916219125
41_20260910230914.csv,1,Waving,7.156897469200896,0.6518241509707935,2.815274745024761
42_20260910230925.csv,0,No activity,3.9779631994784705,0.6336696413868741,2.4297425622548308
43_20260910230937.csv,0,No activity,0.018676666726723988,0.009679293089573892,0.010721996484335503
44_20260910230948.csv,0,No activity,0.004972309078983258,0.00642730152906415,0.006167225242802777
45_20260910230959.csv,0,No activity,0.005400110836640574,0.00571309899758409,0.0024844645204637906
46_20260910231010.csv,0,No activity,0.005920725397216907,0.0063027716317513895,0.003858669458056844
47_20260910231021.csv,0,No activity,0.006557075201331786,0.006355524417113171,0.0033750852026244362
48_20260910231032.csv,0,No activity,0.0060547833544001475,0.006764864776515911,0.00578194079077273
49_20260910231043.csv,0,No activity,0.005802865263375661,0.012823882697783758,0.0036126479594151507
50_20260910231054.csv,0,No activity,0.009323676085662523,0.016015204644820848,0.00386003742903807
51_20260910231105.csv,0,No activity,0.46334685046024643,0.4373641952219683,0.374007871616112
52_20260910231116.csv,2,Shaking,0.9388296852574358,4.4138421925753155,5.2468668564972205
53_20260910231127.csv,2,Shaking,1.087169691924893,4.759680325297263,5.884467746594109
54_20260910231138.csv,2,Shaking,0.6915201189753903,4.667744036629058,6.233113837584544
55_20260910231149.csv,2,Shaking,0.8223969361951797,4.829488119735547,5.809836608669579
56_20260910231200.csv,2,Shaking,0.6615028037587416,4.59241769272765,5.260863391128812
57_20260910231211.csv,2,Shaking,1.1110958026907098,5.001845565549509,6.979823186469691
58_20260910231222.csv,2,Shaking,0.6788171711849783,4.4842579927081205,5.3298972060393135
59_20260910231233.csv,2,Shaking,0.7972924294442619,4.495978447536695,5.857488970112651
60_20260910231244.csv,2,Shaking,0.8285659074495408,4.514056907127567,6.435578599117753
61_20260910231255.csv,2,Shaking,1.0201175796404702,4.811935767578172,6.3811620221529255
62_20260910231306.csv,1,Waving,4.668322943867136,3.5169795733884497,4.201474038707132
63_20260910231317.csv,1,Waving,7.249595322365778,0.9598548643977067,2.8935104868792907
64_20260910231328.csv,1,Waving,7.493091203797564,0.9543669221373847,2.2399791459814273
65_20260910231339.csv,1,Waving,7.260628525110909,0.622493706793493,2.0657071022028233
66_20260910231350.csv,1,Waving,7.27535434642385,0.9327971930523375,2.0993219149113966
67_20260910231401.csv,1,Waving,6.390106542544246,0.6038155725815103,1.9070921640918592
68_20260910231412.csv,1,Waving,7.031004512735527,0.7071826050864578,1.9889217636319594
69_20260910231423.csv,1,Waving,7.027040614108176,0.5783544841460151,2.1252413923268985
70_20260910231434.csv,1,Waving,6.529808484081528,0.9155733906307854,2.1820774035237833
71_20260910231445.csv,1,Waving,7.001287512977225,0.7963222257436499,2.4373116308377005
72_20260910231456.csv,1,Waving,6.882219865872475,0.509923552512496,2.3413904941210046
73_20260910231507.csv,0,No activity,3.855935378285302,0.8124673613262741,1.9205685999191366
74_20260910231518.csv,0,No activity,0.0817281257478289,0.23659716458845817,0.21181483350331184
75_20260910231529.csv,0,No activity,0.031276789809382886,0.0696115807464925,0.08556014063522004
76_20260910231540.csv,0,No activity,0.040472004369993195,0.07990515018728173,0.07104280378646662
77_20260910231551.csv,0,No activity,0.03522640509855015,0.0436813655068822,0.059826688452832844
78_20260910231602.csv,0,No activity,0.050917547185861535,0.03354301529968972,0.07042929940539822
79_20260910231613.csv,0,No activity,0.1257740908876078,0.08691238754762051,0.19608527794369027
80_20260910231624.csv,0,No activity,0.067862745140097,0.25617756788505947,0.12262461592512724
81_20260910231635.csv,0,No activity,0.4024473830854495,0.05962766020905307,0.11685483113289906
82_20260910231646.csv,0,No activity,0.0026818544446001206,0.010636844405594795,0.004405163629581054
83_20260910231657.csv,0,No activity,0.005345160873509845,0.004340187157698482,0.0029694402929956267
84_20260910231708.csv,0,No activity,0.0,0.0017946171574294506,0.007178783416748047
85_20260910231721.csv,2,Shaking,0.9296037916005082,3.876963423999224,5.313287245875181
86_20260910231732.csv,2,Shaking,0.7630825167041821,4.770627063012155,5.677052139151913
87_20260910231743.csv,2,Shaking,1.5680030586312,5.742969888263363,6.184968010252044
88_20260910231754.csv,2,Shaking,0.7068002881986982,4.85061346755021,5.809406840770778
89_20260910231805.csv,2,Shaking,0.529462632293591,4.6185408391049245,6.06822725766524
90_20260910231816.csv,2,Shaking,1.0781294141770434,4.563609569822009,5.677866756129123
91_20260910231827.csv,2,Shaking,0.8398024382732094,5.035632077170458,6.323897193339063
92_20260910231838.csv,2,Shaking,0.9932067463248369,4.491902042080965,6.590131888851869
93_20260910231849.csv,2,Shaking,0.6025060642761494,4.190900994544195,6.312136319010871
94_20260910231900.csv,2,Shaking,0.920395033832929,5.234317308506966,6.470452173986187
95_20260910231911.csv,2,Shaking,0.5593955483954446,5.009616603328508,6.25272296422106
96_20260910231922.csv,1,Waving,1.9126688368408666,4.289805995313624,4.900550334790935
97_20260910231933.csv,1,Waving,6.4649638998083585,0.5560818864573516,1.6237532571938529
98_20260910231945.csv,1,Waving,7.35616974099287,0.7317006458537465,1.4414474432255766
99_20260910231956.csv,1,Waving,6.522158833785071,0.6090138742751848,2.229473819847434
100_20260910232007.csv,1,Waving,7.121548815689617,0.8310565913319933,3.0556061325229043
101_20260910232018.csv,1,Waving,7.303074083409791,0.9894207623800693,3.130062441219239
102_20260910232029.csv,1,Waving,7.448424917544261,1.121080298497184,2.4530610886140747
103_20260910232040.csv,1,Waving,8.601306139431788,1.0837746990775967,2.3808858865831066
104_20260910232051.csv,1,Waving,7.749472815608057,0.4724860473634485,2.9769984836789725
105_20260910232102.csv,1,Waving,9.121883105719231,0.8240814165919104,3.1635438463597456
106_20260910232113.csv,1,Waving,7.695113194651748,1.349136778436667,2.545002823328185
107_20260910232124.csv,1,Waving,6.178362445932772,0.7277669623755478,3.2048160421739955
108_20260910232135.csv,0,No activity,0.25295485978686716,0.04007870621588768,0.043669955979872256
109_20260910232146.csv,0,No activity,0.1041108500527502,0.03706178892885022,0.007775701429783908
110_20260910232157.csv,0,No activity,0.007077053481904426,0.008440637397192646,0.006780949278316284
111_20260910232208.csv,0,No activity,0.00700590511601116,0.014354942156455329,0.004590770754323983
112_20260910232219.csv,0,No activity,0.007195065447723728,0.009335757127471927,0.006155240033883477
113_20260910232230.csv,0,No activity,0.00662008917670764,0.0038263464122440215,0.007171820977979749
114_20260910232241.csv,0,No activity,0.006547824753512714,0.006638735465778049,0.005882230591127433
115_20260910232252.csv,0,No activity,0.007547202072932318,0.007964738179340307,0.004862254898750029
116_20260910232303.csv,0,No activity,0.0073875950813791684,0.007251022910654502,0.003376895818997409
117_20260910232314.csv,0,No activity,0.004196403006884269,0.004905286535802426,0.004431945434287718
118_20260910232325.csv,2,Shaking,0.5896662567656717,2.9201952231651696,0.5594248070671605
119_20260910232336.csv,2,Shaking,0.2990031284382727,4.134933014947809,5.887748652042211
120_20260910232347.csv,2,Shaking,0.8186819149304373,4.94591947345872,5.558277119512642
121_20260910232358.csv,2,Shaking,1.023019506926786,4.472431171885634,5.705268161675288
122_20260910232409.csv,2,Shaking,0.6260304791003726,4.2065875938052315,6.990125122835416
123_20260910232420.csv,2,Shaking,0.6985221546827004,4.077826719039685,5.9429391139838055
124_20260910232431.csv,2,Shaking,0.8407780304551125,3.5410784482955933,7.0073811411857605
125_20260910232442.csv,2,Shaking,0.9070932609514903,4.395547366847683,5.625170209133928
126_20260910232453.csv,2,Shaking,0.676073712491882,4.306012976534023,6.516298143706228
127_20260910232505.csv,2,Shaking,1.0064954259709125,4.926507591927786,5.662825241076661
128_20260910232516.csv,2,Shaking,0.7927685854374634,4.15824713394658,6.3649180806299555
129_20260910232528.csv,2,Shaking,1.0328338450592398,4.542806222260374,6.0344878994225075
130_20260910232539.csv,2,Shaking,0.9638077540561114,4.389408533180777,5.6397914285856325
131_20260910232550.csv,2,Shaking,1.112254797195159,4.812634101187837,6.188676988951904
132_20260910232601.csv,2,Shaking,1.1035857295068217,4.82135530055386,6.094265960263693
133_20260910232612.csv,1,Waving,5.460006856750047,2.8821877864171968,4.185338318158191
134_20260910232623.csv,1,Waving,6.9981917933805295,0.6900525201231001,2.1015662440263485
135_20260910232634.csv,1,Waving,6.752218400193556,0.6636266551575225,2.5794323377403283
136_20260910232645.csv,1,Waving,7.24437681027903,0.9039457786098406,2.293092146063865
137_20260910232658.csv,1,Waving,7.639299010487285,0.7518819705742821,2.5337900658235992
138_20260910232709.csv,1,Waving,7.5503431218005845,1.1678850372910285,2.3272991423042115
139_20260910232720.csv,1,Waving,8.027290210145692,0.9806375687808191,2.9313613848122504
140_20260910232731.csv,1,Waving,6.734148156689475,0.8499759225389532,1.766521584352073
141_20260910232742.csv,1,Waving,6.777884877910918,0.7729217926051489,2.340547273586578
142_20260910232757.csv,1,Waving,7.427717449784535,0.5526991389628144,1.8304102220571645
143_20260910232808.csv,1,Waving,7.090201411907434,0.9058119860734459,2.4051995218563564
144_20260910232819.csv,1,Waving,8.842711968417994,0.8807007066057374,2.6517503163975853
145_20260910232830.csv,1,Waving,7.4128970308072955,0.8830486550591293,2.729493161699946
146_20260910232841.csv,1,Waving,6.486352945685311,1.1492043238034044,2.093686533221225
147_20260910232852.csv,1,Waving,8.028903941790814,0.8032391733491623,2.9368226047560366
148_20260910232904.csv,1,Waving,5.858657489914653,0.630802816554718,2.618503828962633
149_20260910232915.csv,1,Waving,7.42588219028439,0.6954890556866191,2.411963404726019
150_20260910232926.csv,1,Waving,7.866837444304597,0.6558308196444224,2.664667012714185
151_20260910232937.csv,0,No activity,0.3224804075619131,0.2222811848758796,1.3859143638292217
152_20260910232948.csv,0,No activity,0.01592761858856385,0.014450359300470597,0.004312419142910564
153_20260910233018.csv,0,No activity,0.00447523975208141,0.0062792168724419535,0.006455338532005212
154_20260910233029.csv,0,No activity,0.006344647264094825,0.00844487607817609,0.004650669441463785
155_20260910233040.csv,0,No activity,0.004182139236530071,0.005987492480807315,0.004052140763510982
156_20260910233052.csv,0,No activity,0.005561906362108548,0.007673884779489822,0.0033088895530828436
157_20260910233104.csv,0,No activity,0.010172310982777889,0.008721502089913652,0.003478291329023047
158_20260910233115.csv,0,No activity,0.006879311364822122,0.005461567631970735,0.0033205638776736936
159_20260910233126.csv,0,No activity,0.005366875107451299,0.004338950165383724,0.005518030122661958
160_20260910233137.csv,0,No activity,0.004291727476518078,0.005988974065339192,0.00488050883433309
161_20260910233148.csv,0,No activity,0.004838499779825159,0.005756312675635736,0.00491490555009179
162_20260910233159.csv,2,Shaking,1.0671800753941485,4.08579397892724,5.156806448004149
163_20260910233210.csv,2,Shaking,0.9338525617906672,4.923966011487432,5.9256744912656245
164_20260910233221.csv,2,Shaking,0.8647946031835202,5.841263334903039,6.486569362688114
165_20260910233232.csv,2,Shaking,1.0788426109574294,5.142264672358641,6.108550968036326
166_20260910233243.csv,2,Shaking,0.8640906407100123,5.174930572972294,6.8646627551265516
167_20260910233254.csv,2,Shaking,0.723124197618279,4.737289659424569,5.702209098943043
168_20260910233308.csv,2,Shaking,0.4954250703048887,4.454480324104603,6.265024745796472
169_20260910233319.csv,2,Shaking,0.8437803896263414,4.5388132962758245,6.001452922256918
170_20260910233330.csv,2,Shaking,0.6056502859732383,3.9115363607469065,5.778646851438604
171_20260910233341.csv,2,Shaking,0.8227733605694793,4.392866330286556,6.105629543738929
172_20260910233352.csv,2,Shaking,0.8550756453279849,4.898701959782272,6.382261959700057
173_20260910233403.csv,2,Shaking,0.684946466550407,4.535271460546646,5.913249312813585
174_20260910233414.csv,1,Waving,4.720443586301095,3.7021003188652304,4.520173519766982
175_20260910233425.csv,1,Waving,5.791589903254873,1.299021988627058,2.130406629897974
176_20260910233436.csv,1,Waving,9.865041786390059,1.5400615284084975,2.151969782377196
177_20260910233447.csv,1,Waving,8.98364211895858,0.9868066084550678,2.7152936027452292
178_20260910233458.csv,1,Waving,5.489291675110228,1.2287936670260198,1.975783904392163
179_20260910233509.csv,1,Waving,7.258940075228915,0.9205367238754948,1.8093084868861806
180_20260910233520.csv,1,Waving,5.219332673074324,1.1768541044345768,1.3987702667623856
181_20260910233531.csv,1,Waving,5.346455174995207,0.8249353439811856,1.5404170170126046
182_20260910233542.csv,1,Waving,10.53715160796553,1.4538646034653697,2.0713125984678427
183_20260910233553.csv,1,Waving,7.870981092722356,1.6209063990321466,1.912942050492306
