timestamp,temperature,humidity
2026-09-20T18:54:24,25.20,33.20
2026-09-20T18:54:54,25.20,32.60
2026-09-20T18:55:24,25.20,31.30
2026-09-20T18:55:54,25.30,31.20
2026-09-20T18:56:24,25.30,31.40
2026-09-20T18:56:54,25.40,31.00
2026-09-20T18:57:24,25.40,31.00
2026-09-20T18:57:54,25.50,31.30
2026-09-20T18:58:24,25.40,31.20
2026-09-20T18:58:54,25.40,31.00
2026-09-20T18:59:24,25.40,31.10
2026-09-20T18:59:54,25.50,30.90
2026-09-20T19:00:24,25.50,31.10
2026-09-20T19:00:54,25.40,31.40
2026-09-20T19:01:24,25.40,31.20
2026-09-20T19:01:54,25.40,31.50
2026-09-20T19:02:25,25.30,31.60
2026-09-20T19:02:55,25.30,31.70
2026-09-20T19:03:25,25.30,31.10
2026-09-20T19:03:55,25.30,31.40
2026-09-20T19:04:25,25.40,31.40
2026-09-20T19:04:55,25.30,31.60
2026-09-20T19:05:25,25.30,31.60
2026-09-20T19:05:55,25.30,31.70
2026-09-20T19:06:25,25.20,32.10
2026-09-20T19:06:55,25.20,32.10
2026-09-20T19:07:25,25.10,33.00
2026-09-20T19:07:55,25.10,33.00
2026-09-20T19:08:25,25.00,33.00
2026-09-20T19:08:55,24.90,33.20
2026-09-20T19:09:25,24.90,34.10
2026-09-20T19:09:55,24.70,35.50
2026-09-20T19:10:25,24.50,36.10
2026-09-20T19:10:56,24.40,36.70
2026-09-20T19:11:26,24.40,36.60
2026-09-20T19:11:56,24.30,37.20
2026-09-20T19:12:26,24.20,37.10
2026-09-20T19:12:56,24.20,37.30
2026-09-20T19:13:26,24.10,37.80
2026-09-20T19:13:56,24.10,37.90
2026-09-20T19:14:26,24.10,37.80
2026-09-20T19:14:56,24.10,37.70
2026-09-20T19:15:26,24.10,38.10
2026-09-20T19:15:56,24.00,38.70
2026-09-20T19:16:26,23.80,38.90
2026-09-20T19:16:56,23.80,39.30
2026-09-20T19:17:26,23.70,39.30
2026-09-20T19:17:56,23.70,39.40
2026-09-20T19:18:26,23.70,39.60
2026-09-20T19:18:56,23.70,39.60
2026-09-20T19:19:27,23.60,39.60
2026-09-20T19:19:57,23.60,39.80
2026-09-20T19:20:27,23.50,40.10
2026-09-20T19:20:57,23.50,40.00
2026-09-20T19:21:27,23.50,40.40
2026-09-20T19:21:57,23.50,40.30
2026-09-20T19:22:27,23.40,40.30
2026-09-20T19:22:57,23.40,40.40
2026-09-20T19:23:27,23.30,40.70
2026-09-20T19:23:57,23.30,40.70
2026-09-20T19:24:27,23.30,40.90
2026-09-20T19:24:57,23.20,41.00
2026-09-20T19:25:27,23.10,41.00
2026-09-20T19:25:57,23.20,41.10
2026-09-20T19:26:27,23.20,41.30
2026-09-20T19:26:57,23.10,41.30
2026-09-20T19:27:27,23.10,41.50
2026-09-20T19:27:57,23.10,41.70
2026-09-20T19:28:28,23.00,42.00
2026-09-20T19:28:58,23.00,42.20
2026-09-20T19:29:28,22.90,42.70
2026-09-20T19:29:58,22.80,43.30
2026-09-20T19:30:28,22.70,43.50
2026-09-20T19:30:58,22.70,43.70
2026-09-20T19:31:28,22.60,43.90
2026-09-20T19:31:58,22.50,44.90
2026-09-20T19:32:28,22.30,45.10
2026-09-20T19:32:58,22.30,45.80
2026-09-20T19:33:28,22.00,47.40
2026-09-20T19:33:58,21.70,48.50
2026-09-20T19:34:28,21.80,48.70
2026-09-20T19:34:58,21.70,48.90
2026-09-20T19:35:28,21.40,49.70
2026-09-20T19:35:58,21.40,50.00
2026-09-20T19:36:28,21.40,50.30
2026-09-20T19:36:59,21.20,50.80
2026-09-20T19:37:29,21.30,50.70
2026-09-20T19:37:59,21.20,50.90
2026-09-20T19:38:29,21.10,51.50
2026-09-20T19:38:59,21.10,51.60
2026-09-20T19:39:29,21.00,52.00
2026-09-20T19:39:59,20.80,53.00
2026-09-20T19:40:29,20.70,52.90
2026-09-20T19:40:59,20.80,52.90
2026-09-20T19:41:29,20.70,53.20
2026-09-20T19:41:59,20.60,53.40
2026-09-20T19:42:29,20.70,53.30
2026-09-20T19:42:59,20.70,53.50
2026-09-20T19:43:29,20.60,53.70
2026-09-20T19:43:59,20.60,53.30
2026-09-20T19:44:29,20.60,53.60
2026-09-20T19:44:59,20.50,54.20
2026-09-20T19:45:30,20.30,54.80
2026-09-20T19:46:00,20.30,55.00
2026-09-20T19:46:30,20.30,55.00
2026-09-20T19:47:00,20.30,54.80
2026-09-20T19:47:30,20.30,54.90
2026-09-20T19:48:00,20.30,54.50
2026-09-20T19:48:30,20.20,55.30
2026-09-20T19:49:00,20.20,55.50
2026-09-20T19:49:30,20.10,55.80
2026-09-20T19:50:00,20.20,55.70
2026-09-20T19:50:30,20.20,55.50
2026-09-20T19:51:00,20.00,56.10
2026-09-20T19:51:30,19.90,56.90
2026-09-20T19:52:00,19.90,56.60
2026-09-20T19:52:30,19.90,56.70
2026-09-20T19:53:00,20.00,56.60
2026-09-20T19:53:30,20.00,56.60
2026-09-20T19:54:00,19.90,56.90
2026-09-20T19:54:31,19.90,57.20
2026-09-20T19:55:01,19.80,57.70
2026-09-20T19:55:31,19.70,57.90
2026-09-20T19:56:01,19.70,58.20
2026-09-20T19:56:31,19.70,58.20
2026-09-20T19:57:01,19.70,58.10
2026-09-20T19:57:31,19.60,58.60
2026-09-20T19:58:01,19.50,58.90
2026-09-20T19:58:31,19.50,59.10
2026-09-20T19:59:01,19.40,59.70
2026-09-20T19:59:31,19.40,59.10
2026-09-20T20:00:01,19.50,59.40
2026-09-20T20:00:31,19.40,59.90
2026-09-20T20:01:01,19.40,60.20
2026-09-20T20:01:31,19.10,60.90
2026-09-20T20:02:01,19.10,61.50
2026-09-20T20:02:31,19.20,61.40
2026-09-20T20:03:02,19.10,61.50
2026-09-20T20:03:32,19.20,61.20
2026-09-20T20:04:02,19.20,61.20
2026-09-20T20:04:32,19.20,60.70
2026-09-20T20:05:02,19.30,60.30
2026-09-20T20:05:32,19.40,60.40
2026-09-20T20:06:02,19.30,61.40
2026-09-20T20:06:32,19.30,61.60
2026-09-20T20:07:02,19.10,62.20
2026-09-20T20:07:32,19.00,61.90
2026-09-20T20:08:02,19.10,62.40
2026-09-20T20:08:32,19.00,62.80
2026-09-20T20:09:02,19.00,62.80
2026-09-20T20:09:32,19.00,62.80
2026-09-20T20:10:02,18.90,62.90
2026-09-20T20:10:32,18.90,63.30
2026-09-20T20:11:02,18.70,63.80
2026-09-20T20:11:32,18.70,63.80
2026-09-20T20:12:03,18.60,64.30
2026-09-20T20:12:33,18.40,65.00
2026-09-20T20:13:03,18.30,65.30
2026-09-20T20:13:33,18.30,65.10
2026-09-20T20:14:03,18.30,65.00
2026-09-20T20:14:33,18.40,64.80
2026-09-20T20:15:03,18.40,64.70
2026-09-20T20:15:33,18.40,64.70
2026-09-20T20:16:03,18.40,65.00
2026-09-20T20:16:33,18.30,65.60
2026-09-20T20:17:03,18.20,65.90
2026-09-20T20:17:33,18.20,65.60
2026-09-20T20:18:03,18.30,65.10
2026-09-20T20:18:33,18.20,65.90
2026-09-20T20:19:03,18.30,65.80
2026-09-20T20:19:33,18.30,65.60
2026-09-20T20:20:03,18.20,66.20
2026-09-20T20:20:34,18.20,66.10
2026-09-20T20:21:04,18.20,66.00
2026-09-20T20:21:34,18.20,66.10
2026-09-20T20:22:04,18.10,66.50
2026-09-20T20:22:34,18.20,66.30
2026-09-20T20:23:04,18.20,65.20
2026-09-20T20:23:34,18.30,65.70
2026-09-20T20:24:04,18.30,65.80
2026-09-20T20:24:34,18.30,65.50
2026-09-20T20:25:04,18.30,65.20
2026-09-20T20:25:34,18.20,66.00
2026-09-20T20:26:04,18.10,66.60
2026-09-20T20:26:34,17.90,67.60
2026-09-20T20:27:04,17.70,68.00
2026-09-20T20:27:34,17.80,67.90
2026-09-20T20:28:04,17.80,68.00
2026-09-20T20:28:34,17.80,67.70
2026-09-20T20:29:04,17.90,67.60
2026-09-20T20:29:35,17.80,68.20
2026-09-20T20:30:05,17.70,68.60
2026-09-20T20:30:35,17.60,68.90
2026-09-20T20:31:05,17.60,68.70
2026-09-20T20:31:35,17.60,68.50
2026-09-20T20:32:05,17.60,68.80
2026-09-20T20:32:35,17.60,69.00
2026-09-20T20:33:05,17.60,68.30
2026-09-20T20:33:35,17.60,68.90
2026-09-20T20:34:05,17.50,69.40
2026-09-20T20:34:35,17.40,69.70
2026-09-20T20:35:05,17.40,70.00
2026-09-20T20:35:35,17.30,70.10
2026-09-20T20:36:05,17.40,69.90
2026-09-20T20:36:35,17.30,70.00
2026-09-20T20:37:05,17.40,69.90
2026-09-20T20:37:35,17.40,69.40
2026-09-20T20:38:05,17.50,69.20
2026-09-20T20:38:36,17.50,69.00
2026-09-20T20:39:06,17.60,68.90
2026-09-20T20:39:36,17.50,69.30
2026-09-20T20:40:06,17.50,68.60
2026-09-20T20:40:36,17.50,69.00
2026-09-20T20:41:06,17.40,69.80
2026-09-20T20:41:36,17.40,69.50
2026-09-20T20:42:06,17.40,69.70
2026-09-20T20:42:36,17.40,69.90
2026-09-20T20:43:06,17.30,70.10
2026-09-20T20:43:36,17.30,70.00
2026-09-20T20:44:06,17.30,70.00
2026-09-20T20:44:36,17.40,69.20
2026-09-20T20:45:06,17.40,69.20
2026-09-20T20:45:36,17.40,70.10
2026-09-20T20:46:06,17.40,69.80
2026-09-20T20:46:36,17.40,70.00
2026-09-20T20:47:07,17.30,69.80
2026-09-20T20:47:37,17.30,70.00
2026-09-20T20:48:07,17.20,70.30
2026-09-20T20:48:37,17.30,69.50
2026-09-20T20:49:07,17.30,69.80
2026-09-20T20:49:37,17.20,70.50
2026-09-20T20:50:07,17.10,70.60
2026-09-20T20:50:37,17.20,70.50
2026-09-20T20:51:07,17.00,71.10
2026-09-20T20:51:37,16.90,71.90
2026-09-20T20:52:07,17.00,71.10
2026-09-20T20:52:37,17.00,71.10
2026-09-20T20:53:07,17.00,71.00
2026-09-20T20:53:37,16.90,71.80
2026-09-20T20:54:07,16.80,72.00
2026-09-20T20:54:37,16.90,71.30
2026-09-20T20:55:07,17.00,70.50
2026-09-20T20:55:37,17.10,70.40
2026-09-20T20:56:08,17.10,70.20
2026-09-20T20:56:38,17.10,70.00
2026-09-20T20:57:08,17.10,69.50
2026-09-20T20:57:38,17.00,70.20
2026-09-20T20:58:08,17.00,70.10
2026-09-20T20:58:38,17.00,70.10
2026-09-20T20:59:08,17.00,70.10
2026-09-20T20:59:38,16.90,70.60
2026-09-20T21:00:08,16.90,70.80
2026-09-20T21:00:38,16.70,70.90
2026-09-20T21:01:08,16.70,71.30
2026-09-20T21:01:38,16.70,71.80
2026-09-20T21:02:08,16.70,71.10
2026-09-20T21:02:38,16.80,71.30
2026-09-20T21:03:08,16.80,70.70
2026-09-20T21:03:38,16.70,71.10
2026-09-20T21:04:08,16.80,70.90
2026-09-20T21:04:38,16.80,70.90
2026-09-20T21:05:09,16.80,71.00
2026-09-20T21:05:39,16.80,70.60
2026-09-20T21:06:09,16.80,70.40
2026-09-20T21:06:39,16.70,70.70
2026-09-20T21:07:09,16.70,70.80
2026-09-20T21:07:39,16.70,71.10
2026-09-20T21:08:09,16.70,71.00
2026-09-20T21:08:39,16.70,70.40
2026-09-20T21:09:09,16.70,71.10
2026-09-20T21:09:39,16.60,71.00
2026-09-20T21:10:09,16.70,70.60
2026-09-20T21:10:39,16.70,70.70
2026-09-20T21:11:09,16.70,70.60
2026-09-20T21:11:39,16.70,70.10
2026-09-20T21:12:09,16.80,70.10
2026-09-20T21:12:39,16.70,70.20
2026-09-20T21:13:09,16.60,70.70
2026-09-20T21:13:39,16.50,71.00
2026-09-20T21:14:10,16.60,70.80
2026-09-20T21:14:40,16.50,71.10
2026-09-20T21:15:10,16.50,71.10
2026-09-20T21:15:40,16.50,71.20
2026-09-20T21:16:10,16.50,71.30
2026-09-20T21:16:40,16.50,70.90
2026-09-20T21:17:10,16.60,70.70
2026-09-20T21:17:40,16.60,70.80
2026-09-20T21:18:10,16.60,70.90
2026-09-20T21:18:40,16.50,70.80
2026-09-20T21:19:10,16.60,70.70
2026-09-20T21:19:40,16.50,70.80
2026-09-20T21:20:10,16.50,70.70
2026-09-20T21:20:40,16.40,71.60
2026-09-20T21:21:10,16.30,72.10
2026-09-20T21:21:40,16.30,72.10
2026-09-20T21:22:10,16.30,72.00
2026-09-20T21:22:40,16.30,71.90
2026-09-20T21:23:11,16.30,72.10
2026-09-20T21:23:41,16.30,71.50
2026-09-20T21:24:11,16.40,71.60
2026-09-20T21:24:41,16.40,71.50
2026-09-20T21:25:11,16.30,71.90
2026-09-20T21:25:41,16.30,72.00
2026-09-20T21:26:11,16.30,71.80
2026-09-20T21:26:41,16.30,71.60
2026-09-20T21:27:11,16.30,71.80
2026-09-20T21:27:41,16.30,72.00
2026-09-20T21:28:11,16.20,71.90
2026-09-20T21:28:41,16.20,72.10
2026-09-20T21:29:11,16.20,71.90
2026-09-20T21:29:41,16.20,72.10
2026-09-20T21:30:11,16.20,72.20
2026-09-20T21:30:41,16.20,72.40
2026-09-20T21:31:11,16.20,72.20
2026-09-20T21:31:42,16.20,72.40
2026-09-20T21:32:12,16.20,72.30
2026-09-20T21:32:42,16.20,72.20
2026-09-20T21:33:12,16.10,72.30
2026-09-20T21:33:42,16.20,72.00
2026-09-20T21:34:12,16.10,72.20
2026-09-20T21:34:42,16.20,72.00
2026-09-20T21:35:12,16.10,72.00
2026-09-20T21:35:42,16.20,71.90
2026-09-20T21:36:12,16.20,71.80
2026-09-20T21:36:42,16.10,72.00
2026-09-20T21:37:12,16.10,72.10
2026-09-20T21:37:42,16.10,71.90
2026-09-20T21:38:12,16.10,72.10
2026-09-20T21:38:42,16.10,72.00
2026-09-20T21:39:12,16.10,71.90
2026-09-20T21:39:42,16.10,71.50
2026-09-20T21:40:12,16.20,71.20
2026-09-20T21:40:43,16.10,71.50
2026-09-20T21:41:13,16.10,71.60
2026-09-20T21:41:43,16.10,71.60
2026-09-20T21:42:13,16.10,71.20
2026-09-20T21:42:43,16.10,71.30
2026-09-20T21:43:13,16.10,71.00
2026-09-20T21:43:43,16.10,71.30
2026-09-20T21:44:13,16.10,71.70
2026-09-20T21:44:43,16.10,71.50
2026-09-20T21:45:13,16.00,71.20
2026-09-20T21:45:43,16.10,71.10
2026-09-20T21:46:13,16.10,71.10
2026-09-20T21:46:43,16.10,70.90
2026-09-20T21:47:13,16.10,71.00
2026-09-20T21:47:43,16.10,70.70
2026-09-20T21:48:13,16.10,71.00
2026-09-20T21:48:43,16.10,70.80
2026-09-20T21:49:13,16.20,70.70
2026-09-20T21:49:44,16.20,70.60
2026-09-20T21:50:14,16.10,70.70
2026-09-20T21:50:44,16.10,71.10
2026-09-20T21:51:14,16.10,70.90
2026-09-20T21:51:44,16.10,70.90
2026-09-20T21:52:14,16.10,71.00
2026-09-20T21:52:44,16.00,71.00
2026-09-20T21:53:14,16.00,71.30
2026-09-20T21:53:44,16.00,71.20
2026-09-20T21:54:14,16.00,71.10
2026-09-20T21:54:44,16.00,71.00
2026-09-20T21:55:14,16.00,71.10
2026-09-20T21:55:44,16.00,71.20
2026-09-20T21:56:14,15.90,71.10
2026-09-20T21:56:44,16.00,71.20
2026-09-20T21:57:14,15.90,71.10
2026-09-20T21:57:44,16.00,70.70
2026-09-20T21:58:14,16.00,70.90
2026-09-20T21:58:45,16.00,70.80
2026-09-20T21:59:15,15.90,70.90
2026-09-20T21:59:45,15.90,71.00
2026-09-20T22:00:15,15.90,70.90
2026-09-20T22:00:45,15.90,70.90
2026-09-20T22:01:15,15.90,71.10
2026-09-20T22:01:45,15.90,70.80
2026-09-20T22:02:15,15.90,70.80
2026-09-20T22:02:45,16.00,70.90
2026-09-20T22:03:15,15.90,71.00
2026-09-20T22:03:45,15.80,71.50
2026-09-20T22:04:15,15.80,71.40
2026-09-20T22:04:45,15.80,71.40
2026-09-20T22:05:15,15.90,71.40
2026-09-20T22:05:45,15.80,71.20
2026-09-20T22:06:15,15.80,71.30
2026-09-20T22:06:45,15.80,71.40
